user_id,rho_a,Nw,pd_t,pw_t,p_Na,A_best,A_fit,p_value_reshuffle
1505404600,20.09293632044855,88.59870536082896,"[0.13333333 0.05454545 0.07878788 0.06060606 0.06666667 0.06666667
 0.06060606 0.04242424 0.03636364 0.02424242 0.02424242 0.04242424
 0.01818182 0.03636364 0.06060606 0.         0.         0.
 0.         0.         0.         0.00606061 0.05454545 0.13333333]","[0.12121212 0.0969697  0.33939394 0.16969697 0.15151515 0.07878788
 0.04242424]","[0.52121212 0.18787879 0.13939394 0.04848485 0.02424242 0.03030303
 0.01212121 0.00606061 0.00606061 0.         0.01212121 0.00606061
 0.         0.         0.         0.00606061]",0.3490138853499454,0.4286346742383061,0.0
6973904485,2.4354669529974733,11.3929365843401,"[0.04651163 0.         0.         0.         0.         0.
 0.         0.         0.         0.         0.08139535 0.02325581
 0.04651163 0.10465116 0.08139535 0.10465116 0.03488372 0.04651163
 0.02325581 0.09302326 0.11627907 0.08139535 0.06976744 0.04651163]","[0.10465116 0.12790698 0.1744186  0.1627907  0.12790698 0.15116279
 0.15116279]","[0.45348837 0.09302326 0.08139535 0.11627907 0.04651163 0.05813953
 0.04651163 0.04651163 0.         0.02325581 0.         0.
 0.         0.02325581 0.         0.         0.         0.
 0.         0.         0.         0.         0.         0.
 0.         0.         0.         0.         0.         0.01162791]",0.4388520757925955,0.441089507898515,0.0
271855505,1.520654424493407,9.40312890960106,"[0.06451613 0.04301075 0.06451613 0.08064516 0.05913978 0.07526882
 0.05913978 0.0483871  0.09677419 0.02150538 0.02150538 0.07526882
 0.07526882 0.03225806 0.03763441 0.02688172 0.00537634 0.
 0.         0.         0.         0.00537634 0.03225806 0.07526882]","[0.19354839 0.24193548 0.15591398 0.11290323 0.10752688 0.05913978
 0.12903226]","[0.69354839 0.16129032 0.08602151 0.02150538 0.01612903 0.00537634
 0.00537634 0.00537634 0.00537634]",0.2996888412345154,0.4842510047507438,0.05
6601816159,5.7494576316700865,9.850334754561796,"[0.07142857 0.03571429 0.125      0.125      0.08928571 0.05357143
 0.         0.         0.         0.         0.         0.
 0.         0.05357143 0.10714286 0.         0.08928571 0.
 0.08928571 0.05357143 0.03571429 0.         0.03571429 0.03571429]","[0.05357143 0.10714286 0.125      0.26785714 0.26785714 0.16071429
 0.01785714]","[0.5        0.05357143 0.05357143 0.07142857 0.01785714 0.03571429
 0.03571429 0.01785714 0.08928571 0.01785714 0.         0.
 0.01785714 0.         0.         0.01785714 0.         0.01785714
 0.01785714 0.         0.         0.         0.         0.
 0.         0.         0.         0.01785714 0.         0.
 0.         0.         0.         0.         0.01785714]",0.9537120865332775,1.0535586947738245,0.0
7094531229,1.7694497691775548,6.838711136437776,"[0.14150943 0.03773585 0.0754717  0.03773585 0.01886792 0.06603774
 0.00943396 0.09433962 0.12264151 0.03773585 0.03773585 0.02830189
 0.04716981 0.01886792 0.06603774 0.04716981 0.         0.00943396
 0.         0.         0.         0.         0.00943396 0.09433962]","[0.27358491 0.22641509 0.1509434  0.12264151 0.11320755 0.05660377
 0.05660377]","[0.49056604 0.23584906 0.08490566 0.08490566 0.03773585 0.03773585
 0.         0.00943396 0.00943396 0.00943396]",0.6199859700162307,0.6477173007890762,0.0
1762777403,3.456094587851871,10.158644842153,"[0.09722222 0.01388889 0.02777778 0.125      0.05555556 0.125
 0.06944444 0.11111111 0.04166667 0.04166667 0.09722222 0.01388889
 0.05555556 0.04166667 0.06944444 0.         0.         0.
 0.         0.         0.         0.         0.         0.01388889]","[0.18055556 0.125      0.23611111 0.09722222 0.13888889 0.09722222
 0.125     ]","[0.47222222 0.20833333 0.11111111 0.06944444 0.02777778 0.02777778
 0.         0.         0.01388889 0.01388889 0.         0.
 0.         0.         0.01388889 0.01388889 0.         0.
 0.01388889 0.         0.         0.         0.         0.
 0.01388889]",0.5678106511464106,0.5255578575480324,0.0
1151037126,5.057177686190292,28.111983318655856,"[0.10752688 0.03225806 0.04301075 0.08602151 0.05376344 0.06451613
 0.07526882 0.05376344 0.06451613 0.08602151 0.05376344 0.03225806
 0.02150538 0.02150538 0.04301075 0.05376344 0.04301075 0.01075269
 0.         0.         0.         0.         0.01075269 0.04301075]","[0.13978495 0.07526882 0.2688172  0.1827957  0.17204301 0.06451613
 0.09677419]","[0.52688172 0.22580645 0.06451613 0.05376344 0.04301075 0.03225806
 0.02150538 0.         0.         0.01075269 0.01075269 0.01075269]",0.2963872716362221,0.5364506195433755,0.0
2047003776,0.1155826987367132,0.1162036193033911,"[0.16666667 0.         0.         0.16666667 0.         0.
 0.         0.         0.         0.         0.         0.16666667
 0.16666667 0.16666667 0.         0.         0.         0.
 0.         0.         0.         0.         0.16666667 0.        ]","[0.5        0.16666667 0.         0.33333333 0.         0.
 0.        ]","[0.16666667 0.16666667 0.         0.         0.         0.33333333
 0.16666667 0.         0.         0.         0.         0.
 0.         0.         0.         0.         0.         0.
 0.         0.         0.         0.         0.         0.
 0.         0.         0.         0.         0.         0.
 0.         0.         0.         0.         0.         0.
 0.         0.         0.         0.         0.         0.
 0.         0.         0.         0.         0.         0.
 0.         0.         0.         0.         0.         0.
 0.         0.         0.         0.         0.         0.
 0.         0.         0.         0.         0.         0.
 0.         0.         0.         0.         0.         0.
 0.         0.         0.         0.         0.         0.
 0.         0.         0.         0.         0.         0.
 0.         0.         0.         0.         0.         0.
 0.         0.         0.         0.         0.         0.
 0.         0.         0.         0.         0.         0.
 0.         0.         0.         0.         0.         0.
 0.         0.         0.         0.         0.         0.
 0.         0.         0.         0.         0.         0.
 0.         0.         0.         0.         0.         0.
 0.         0.         0.         0.         0.         0.
 0.         0.         0.         0.         0.         0.
 0.         0.         0.         0.         0.         0.
 0.         0.         0.         0.         0.         0.
 0.         0.         0.         0.         0.         0.
 0.         0.         0.         0.         0.         0.
 0.         0.         0.         0.         0.16666667]",0.679814002322073,0.736982234275186,0.1
6221273187,12.32032854209444,46.556999865286464,"[0.04166667 0.09722222 0.         0.         0.04166667 0.08333333
 0.02777778 0.         0.05555556 0.09722222 0.06944444 0.05555556
 0.04166667 0.         0.02777778 0.01388889 0.         0.01388889
 0.11111111 0.05555556 0.06944444 0.02777778 0.04166667 0.02777778]","[0.43055556 0.29166667 0.05555556 0.06944444 0.01388889 0.05555556
 0.08333333]","[0.55555556 0.125      0.05555556 0.04166667 0.11111111 0.02777778
 0.06944444 0.         0.         0.         0.         0.
 0.01388889]",0.5409051095377989,0.9993669800645516,0.0
5689570195,0.8355490435079167,1.9751254835205017,"[0.03571429 0.         0.         0.         0.         0.17857143
 0.07142857 0.10714286 0.07142857 0.         0.07142857 0.03571429
 0.         0.         0.         0.         0.07142857 0.
 0.03571429 0.03571429 0.         0.17857143 0.10714286 0.        ]","[0.35714286 0.14285714 0.21428571 0.03571429 0.07142857 0.03571429
 0.14285714]","[0.60714286 0.17857143 0.03571429 0.03571429 0.03571429 0.03571429
 0.         0.         0.         0.         0.         0.
 0.         0.         0.         0.         0.         0.
 0.         0.         0.         0.         0.         0.
 0.         0.         0.         0.         0.         0.
 0.         0.         0.         0.         0.         0.
 0.         0.         0.         0.         0.         0.
 0.         0.         0.         0.         0.         0.
 0.         0.         0.         0.         0.         0.
 0.         0.         0.         0.         0.         0.
 0.         0.03571429 0.         0.         0.         0.
 0.         0.03571429]",1.6511158807368556,2.4804420861848966,0.0
791270353,1.5662252231870912,9.897447714851634,"[0.06976744 0.01162791 0.01162791 0.08139535 0.08139535 0.05813953
 0.06976744 0.1744186  0.05813953 0.         0.         0.
 0.         0.         0.         0.         0.         0.04651163
 0.         0.11627907 0.08139535 0.03488372 0.05813953 0.04651163]","[0.11627907 0.05813953 0.13953488 0.12790698 0.19767442 0.24418605
 0.11627907]","[0.56976744 0.24418605 0.08139535 0.03488372 0.03488372 0.
 0.02325581 0.01162791]",0.2639029568153913,0.4586357384085073,0.15
6938249017,38.89980353634538,12.474266166028077,"[0.02325581 0.13953488 0.         0.27906977 0.02325581 0.09302326
 0.11627907 0.06976744 0.         0.02325581 0.02325581 0.02325581
 0.02325581 0.04651163 0.         0.         0.         0.
 0.         0.         0.         0.         0.         0.11627907]","[0.1627907  0.09302326 0.11627907 0.3255814  0.18604651 0.06976744
 0.04651163]",[0.65116279 0.27906977 0.02325581 0.02325581 0.         0.02325581],1.2036347585539977,1.7453879355029311,0.05
1357872899,1.8835957743671627,12.65552923636998,"[0.10588235 0.01176471 0.         0.         0.         0.
 0.         0.         0.01176471 0.08235294 0.05882353 0.08235294
 0.01176471 0.03529412 0.03529412 0.01176471 0.07058824 0.01176471
 0.15294118 0.03529412 0.07058824 0.05882353 0.04705882 0.10588235]","[0.24705882 0.18823529 0.12941176 0.09411765 0.14117647 0.12941176
 0.07058824]","[0.69411765 0.2        0.07058824 0.01176471 0.01176471 0.
 0.01176471]",0.1264909638469755,0.2242304955030289,0.45
1110241832,0.0658688485356805,0.1311822656053554,"[0.28571429 0.         0.         0.         0.         0.
 0.         0.         0.14285714 0.         0.14285714 0.14285714
 0.14285714 0.14285714 0.         0.         0.         0.
 0.         0.         0.         0.         0.         0.        ]","[0.28571429 0.14285714 0.28571429 0.14285714 0.         0.
 0.14285714]","[0.14285714 0.14285714 0.14285714 0.         0.14285714 0.
 0.         0.         0.         0.14285714 0.         0.
 0.         0.         0.         0.         0.         0.
 0.         0.         0.         0.         0.         0.
 0.         0.         0.         0.14285714 0.         0.
 0.         0.         0.         0.         0.         0.
 0.         0.         0.         0.         0.         0.
 0.         0.         0.         0.         0.         0.
 0.         0.         0.         0.         0.         0.
 0.         0.         0.         0.14285714]",0.7242514609910343,0.7722341003251727,0.85
5992929865,0.3300407836111197,1.7502457753410152,"[0.03030303 0.04545455 0.03030303 0.15151515 0.01515152 0.06060606
 0.         0.03030303 0.16666667 0.12121212 0.01515152 0.
 0.01515152 0.         0.         0.         0.         0.
 0.         0.04545455 0.09090909 0.13636364 0.01515152 0.03030303]","[0.04545455 0.12121212 0.28787879 0.12121212 0.07575758 0.15151515
 0.1969697 ]",[0.6969697  0.18181818 0.06060606 0.03030303 0.01515152 0.01515152],0.558842867248376,0.76678946328014,0.0
7567764882,12.493974742118851,16.685255760977086,"[0.17857143 0.07142857 0.         0.07142857 0.03571429 0.03571429
 0.         0.         0.         0.10714286 0.         0.
 0.03571429 0.         0.         0.         0.21428571 0.21428571
 0.         0.         0.         0.         0.03571429 0.        ]","[0.35714286 0.14285714 0.         0.17857143 0.32142857 0.
 0.        ]","[0.39285714 0.14285714 0.17857143 0.03571429 0.07142857 0.03571429
 0.03571429 0.         0.         0.03571429 0.         0.
 0.         0.03571429 0.03571429]",0.520106790506566,0.4854066481644116,0.0
1551829597,0.3808087126089993,1.6399185124816529,"[0.10416667 0.04166667 0.125      0.0625     0.02083333 0.0625
 0.04166667 0.20833333 0.10416667 0.02083333 0.02083333 0.
 0.         0.         0.02083333 0.         0.         0.
 0.02083333 0.         0.02083333 0.0625     0.02083333 0.04166667]","[0.27083333 0.14583333 0.125      0.10416667 0.08333333 0.0625
 0.20833333]","[0.6875     0.10416667 0.10416667 0.0625     0.         0.02083333
 0.         0.         0.         0.         0.         0.
 0.         0.         0.         0.         0.         0.02083333]",0.7594855577849539,1.189536020458155,0.05
1354320169,7.63901891031653,20.20056947703305,"[0.025 0.025 0.075 0.125 0.    0.075 0.1   0.1   0.05  0.    0.    0.
 0.    0.    0.    0.    0.    0.    0.025 0.025 0.125 0.2   0.    0.05 ]",[0.525 0.3   0.1   0.    0.    0.    0.075],[0.525 0.3   0.075 0.05  0.    0.05 ],0.837094646582505,0.8342644614145183,0.0
1527488629,37.27643551929565,9.07262657827306,"[0.125   0.      0.03125 0.03125 0.09375 0.      0.      0.      0.
 0.      0.      0.      0.09375 0.03125 0.03125 0.      0.125   0.15625
 0.03125 0.03125 0.03125 0.09375 0.0625  0.03125]",[0.40625 0.03125 0.40625 0.125   0.03125 0.      0.     ],[0.625   0.15625 0.09375 0.03125 0.      0.03125 0.03125 0.      0.03125],0.6446039725165726,0.3141894913741089,0.0
438601269,0.0502565485945719,0.1135805291523045,"[0.16666667 0.         0.         0.         0.         0.
 0.         0.         0.         0.         0.         0.
 0.16666667 0.16666667 0.         0.         0.         0.
 0.16666667 0.16666667 0.         0.16666667 0.         0.        ]","[0.33333333 0.         0.16666667 0.         0.         0.
 0.5       ]","[0.         0.16666667 0.         0.         0.         0.
 0.         0.16666667 0.16666667 0.         0.         0.
 0.16666667 0.         0.         0.         0.         0.
 0.         0.         0.33333333]",0.9292922346346276,0.838308612314092,0.2105263157894736
179738679,0.4417403752748116,3.546046049976207,"[0.14285714 0.01785714 0.01785714 0.         0.         0.
 0.         0.         0.         0.         0.03571429 0.
 0.01785714 0.01785714 0.125      0.01785714 0.01785714 0.07142857
 0.17857143 0.01785714 0.08928571 0.14285714 0.01785714 0.07142857]","[0.17857143 0.10714286 0.32142857 0.03571429 0.21428571 0.05357143
 0.08928571]",[0.83928571 0.125      0.01785714 0.01785714],0.3130404516788332,0.2594653426091093,0.4
802665649,11.71722431975006,37.04229692252039,"[0.125   0.125   0.      0.09375 0.03125 0.03125 0.      0.      0.0625
 0.03125 0.03125 0.0625  0.125   0.03125 0.0625  0.      0.      0.
 0.      0.      0.03125 0.      0.125   0.03125]",[0.1875  0.46875 0.28125 0.      0.      0.      0.0625 ],[0.5     0.28125 0.15625 0.0625 ],0.4361377848609675,0.8665509210664231,0.8
702737014,21.567648527209087,205.9916867084648,"[0.02040816 0.         0.02040816 0.         0.06122449 0.16326531
 0.08163265 0.08163265 0.02040816 0.14285714 0.02040816 0.04081633
 0.         0.         0.         0.12244898 0.04081633 0.
 0.12244898 0.06122449 0.         0.         0.         0.        ]","[0.85714286 0.14285714 0.         0.         0.         0.
 0.        ]",[0.7755102  0.20408163 0.02040816],0.8312512654228782,0.8207770260110527,0.4
1131058651,3.634587200781607,4.617462342558314,"[0.14285714 0.03571429 0.07142857 0.         0.         0.
 0.03571429 0.07142857 0.         0.         0.03571429 0.07142857
 0.         0.03571429 0.07142857 0.         0.03571429 0.21428571
 0.10714286 0.         0.         0.         0.         0.07142857]","[0.28571429 0.28571429 0.25       0.07142857 0.03571429 0.07142857
 0.        ]","[0.60714286 0.10714286 0.17857143 0.07142857 0.         0.
 0.         0.         0.         0.         0.         0.
 0.03571429]",0.8662194078345744,1.3838816949730983,0.0
5212333848,19.528071602929288,79.16363209209443,"[0.07692308 0.         0.         0.02564103 0.1025641  0.15384615
 0.02564103 0.1025641  0.17948718 0.05128205 0.07692308 0.05128205
 0.         0.         0.         0.         0.         0.
 0.02564103 0.         0.         0.         0.07692308 0.05128205]","[0.28205128 0.33333333 0.25641026 0.12820513 0.         0.
 0.        ]",[0.71794872 0.12820513 0.07692308 0.07692308],0.32256175740794,0.4139545965284105,0.5
1132872517,20.333761232349055,17.27907933862983,"[0.21621622 0.13513514 0.         0.         0.05405405 0.02702703
 0.08108108 0.         0.         0.         0.         0.
 0.         0.         0.         0.         0.         0.
 0.         0.         0.         0.         0.         0.48648649]","[0.83783784 0.02702703 0.         0.05405405 0.         0.
 0.08108108]","[0.67567568 0.24324324 0.05405405 0.         0.         0.
 0.         0.         0.         0.02702703]",0.3727896963713091,0.7134628149775761,0.55
1383986630,52.63157894736517,39.61880995086951,"[0.23809524 0.04761905 0.         0.         0.         0.
 0.         0.         0.04761905 0.04761905 0.14285714 0.38095238
 0.         0.         0.         0.         0.         0.04761905
 0.         0.         0.         0.04761905 0.         0.        ]","[0.23809524 0.14285714 0.         0.61904762 0.         0.
 0.        ]","[0.42857143 0.14285714 0.19047619 0.14285714 0.04761905 0.
 0.04761905]",0.3058139400194023,0.6271892115819696,0.4
650840442,8.89240193656741,4.402035067799201,"[0.18181818 0.22727273 0.         0.09090909 0.18181818 0.13636364
 0.         0.         0.         0.         0.         0.
 0.         0.         0.         0.         0.         0.
 0.         0.         0.         0.         0.04545455 0.13636364]","[0.31818182 0.09090909 0.22727273 0.22727273 0.         0.
 0.13636364]","[0.63636364 0.04545455 0.09090909 0.13636364 0.         0.04545455
 0.04545455]",0.7825587955963409,1.605061303669088,0.65
1154304070,0.2159142511973808,1.5372229125725505,"[0.17241379 0.03448276 0.         0.06896552 0.03448276 0.
 0.         0.         0.         0.         0.03448276 0.03448276
 0.03448276 0.03448276 0.03448276 0.10344828 0.03448276 0.03448276
 0.10344828 0.03448276 0.06896552 0.03448276 0.         0.10344828]","[0.24137931 0.03448276 0.06896552 0.17241379 0.20689655 0.
 0.27586207]",[0.68965517 0.20689655 0.06896552 0.         0.03448276],0.5778611421050838,0.5468917829964073,0.85
1441033459,129.2307692307681,151.03989770842907,"[0.2  0.   0.   0.04 0.   0.   0.   0.   0.   0.   0.   0.   0.08 0.
 0.   0.   0.   0.64 0.   0.04 0.   0.   0.   0.  ]",[0.96 0.04 0.   0.   0.   0.   0.  ],[0.52 0.24 0.12 0.12],0.5097744811833923,1.4998715930563962,0.0
373434202,0.0965287681295431,0.1152303915585101,"[0.33333333 0.         0.         0.         0.         0.
 0.         0.33333333 0.         0.         0.         0.
 0.33333333 0.         0.         0.         0.         0.
 0.         0.         0.         0.         0.         0.        ]","[0.33333333 0.         0.33333333 0.         0.         0.
 0.33333333]","[0.         0.         0.         0.33333333 0.         0.
 0.         0.33333333 0.         0.         0.         0.
 0.         0.         0.         0.         0.         0.
 0.         0.         0.         0.         0.         0.
 0.         0.         0.         0.         0.         0.
 0.         0.         0.         0.33333333]",1.1874586976708874,1.0345260050851954,0.3684210526315789
6690818723,37.65690376569161,54.608526465713865,"[0.09677419 0.09677419 0.         0.         0.         0.06451613
 0.22580645 0.06451613 0.16129032 0.         0.         0.
 0.         0.         0.         0.         0.         0.
 0.         0.06451613 0.09677419 0.         0.09677419 0.03225806]","[0.09677419 0.48387097 0.35483871 0.06451613 0.         0.
 0.        ]",[0.70967742 0.16129032 0.06451613 0.06451613],0.3839059194407855,0.6356202089493007,0.0
5201154677,36.11285266457579,8.331175235691813,"[0.08 0.2  0.   0.08 0.08 0.16 0.   0.   0.   0.   0.   0.   0.08 0.12
 0.   0.   0.04 0.04 0.   0.   0.   0.   0.08 0.04]",[0.24 0.   0.48 0.12 0.12 0.   0.04],[0.68 0.16 0.04 0.08 0.04],0.3506295390942717,0.3679686359378734,0.1
7286408806,6.432591798445309,4.356978297234097,"[0.25 0.05 0.2  0.05 0.05 0.   0.05 0.05 0.05 0.   0.   0.   0.   0.
 0.   0.   0.   0.   0.   0.05 0.15 0.05 0.   0.  ]",[0.4  0.05 0.05 0.   0.2  0.05 0.25],[0.65 0.15 0.1  0.   0.   0.05 0.   0.   0.05],0.7322851594889139,0.6816539590937197,0.0
