user_id,rho_a,pd_t,pw_t,p_Na,Nw,A_best,p_value
274636082,2.0756828656938136,"[0.05070423 0.11267606 0.07323944 0.06760563 0.07042254 0.02253521
 0.         0.0056338  0.         0.         0.0056338  0.02535211
 0.03661972 0.06760563 0.02816901 0.01690141 0.03943662 0.04225352
 0.02253521 0.02816901 0.03098592 0.08169014 0.10985915 0.06197183]","[0.14647887 0.14647887 0.13239437 0.16619718 0.13521127 0.14366197
 0.12957746]","[0.42535211 0.24225352 0.09859155 0.07323944 0.03661972 0.02816901
 0.01690141 0.01971831 0.01408451 0.01690141 0.01126761 0.0028169
 0.         0.0028169  0.         0.         0.0056338  0.0056338 ]",6.901470439048776,0.8406269150630161,0.0
6988965722,2.6827532236688305,"[0.05813953 0.03197674 0.03197674 0.02034884 0.00872093 0.02034884
 0.00872093 0.00872093 0.00290698 0.00872093 0.02616279 0.03197674
 0.08139535 0.07848837 0.04651163 0.06686047 0.05523256 0.04069767
 0.05232558 0.05523256 0.03488372 0.05813953 0.10174419 0.06976744]","[0.20930233 0.09883721 0.24709302 0.11918605 0.09302326 0.10465116
 0.12790698]","[0.52616279 0.19767442 0.125      0.07267442 0.02325581 0.02616279
 0.01453488 0.00581395 0.         0.00290698 0.00581395]",6.809966565073659,0.6210104145481711,0.0
4473225,3.924972872422899,"[0.07692308 0.07692308 0.06666667 0.06666667 0.02564103 0.05641026
 0.         0.         0.         0.         0.         0.
 0.         0.         0.         0.03589744 0.08205128 0.08205128
 0.09230769 0.08205128 0.08205128 0.04615385 0.07179487 0.05641026]","[0.14358974 0.14358974 0.14358974 0.15897436 0.16410256 0.11794872
 0.12820513]","[0.34358974 0.23076923 0.15897436 0.0974359  0.04102564 0.04615385
 0.00512821 0.02051282 0.00512821 0.02051282 0.00512821 0.
 0.01025641 0.         0.         0.         0.         0.00512821
 0.         0.         0.00512821 0.         0.         0.
 0.         0.         0.         0.         0.         0.
 0.         0.         0.00512821]",3.7492661120591095,1.7534487290189118,0.0
824741313,1.1751589477807651,"[0.05063291 0.05063291 0.01265823 0.03797468 0.01265823 0.
 0.         0.         0.         0.         0.11392405 0.05063291
 0.06329114 0.02531646 0.02531646 0.05063291 0.01265823 0.08860759
 0.10126582 0.08860759 0.10126582 0.03797468 0.03797468 0.03797468]","[0.24050633 0.15189873 0.13924051 0.21518987 0.13924051 0.06329114
 0.05063291]","[0.2278481  0.15189873 0.13924051 0.07594937 0.07594937 0.07594937
 0.05063291 0.01265823 0.03797468 0.02531646 0.01265823 0.01265823
 0.02531646 0.02531646 0.         0.         0.         0.01265823
 0.01265823 0.         0.02531646]",1.608105417820752,1.8747086673941868,0.0
412633448,1.9001188581558324,"[0.01503759 0.         0.         0.         0.0075188  0.04511278
 0.09022556 0.07518797 0.07518797 0.02255639 0.03759398 0.09022556
 0.03759398 0.08270677 0.08270677 0.05263158 0.03007519 0.04511278
 0.10526316 0.03759398 0.05263158 0.0075188  0.         0.0075188 ]","[0.16541353 0.18796992 0.15037594 0.17293233 0.15789474 0.06766917
 0.09774436]","[0.39849624 0.21052632 0.11278195 0.09022556 0.06766917 0.04511278
 0.03759398 0.0075188  0.         0.0075188  0.0075188  0.
 0.         0.         0.         0.0075188  0.         0.
 0.         0.         0.         0.         0.         0.
 0.         0.         0.         0.         0.         0.
 0.         0.0075188 ]",2.7657740277787712,0.9127223300883196,0.0
302926911,3.0219944945624846,"[0.13953488 0.08139535 0.06976744 0.05813953 0.02325581 0.06395349
 0.03488372 0.04069767 0.06976744 0.03488372 0.01744186 0.
 0.         0.         0.         0.         0.04069767 0.10465116
 0.01162791 0.01744186 0.01162791 0.02906977 0.0755814  0.0755814 ]","[0.14534884 0.14534884 0.1627907  0.15116279 0.19186047 0.09883721
 0.10465116]","[0.5        0.29069767 0.12790698 0.02906977 0.02906977 0.01162791
 0.         0.00581395 0.00581395]",3.35019861305637,1.0023906716995676,0.0
1273291262,1.9342233800065407,"[0.07352941 0.05882353 0.06617647 0.03676471 0.04411765 0.02941176
 0.01470588 0.02941176 0.         0.         0.         0.
 0.         0.00735294 0.05882353 0.08088235 0.05147059 0.08088235
 0.08088235 0.08088235 0.08823529 0.02205882 0.05882353 0.03676471]","[0.07352941 0.17647059 0.13235294 0.18382353 0.17647059 0.16176471
 0.09558824]","[0.43382353 0.25       0.13235294 0.10294118 0.05147059 0.01470588
 0.         0.00735294 0.00735294]",2.6740989674233004,1.6161647639549068,0.0
1848901170,2.9207451209913646,"[0.09333333 0.08       0.01333333 0.05333333 0.09333333 0.04
 0.04       0.01333333 0.         0.         0.         0.01333333
 0.         0.02666667 0.04       0.10666667 0.04       0.04
 0.06666667 0.02666667 0.08       0.01333333 0.06666667 0.05333333]","[0.10666667 0.17333333 0.05333333 0.21333333 0.17333333 0.14666667
 0.13333333]","[0.28       0.25333333 0.16       0.08       0.04       0.02666667
 0.04       0.01333333 0.02666667 0.         0.01333333 0.01333333
 0.         0.02666667 0.01333333 0.         0.01333333]",1.4634888095534846,1.425411597328539,0.0
1232695,1.5206228259069434,"[0.08092486 0.02890173 0.08092486 0.06358382 0.02890173 0.05202312
 0.05202312 0.11560694 0.06358382 0.06358382 0.02312139 0.02890173
 0.01734104 0.01734104 0.         0.         0.00578035 0.01734104
 0.02890173 0.02312139 0.03468208 0.03468208 0.05780347 0.08092486]","[0.15028902 0.11560694 0.15606936 0.16184971 0.14450867 0.13294798
 0.13872832]",[0.66473988 0.19075145 0.08092486 0.03468208 0.01156069 0.01734104],6.464050183028976,0.3976341438945845,0.0
1091197048,1.0763178599527852,"[0.05952381 0.1547619  0.07142857 0.01190476 0.04761905 0.01190476
 0.03571429 0.04761905 0.         0.03571429 0.08333333 0.07142857
 0.04761905 0.03571429 0.05952381 0.04761905 0.01190476 0.01190476
 0.01190476 0.         0.         0.         0.02380952 0.11904762]","[0.11904762 0.23809524 0.11904762 0.19047619 0.16666667 0.04761905
 0.11904762]","[0.30952381 0.20238095 0.1547619  0.13095238 0.07142857 0.03571429
 0.01190476 0.02380952 0.02380952 0.01190476 0.         0.01190476
 0.         0.         0.         0.         0.         0.
 0.         0.01190476]",1.9651000107145355,1.3182776691806322,0.0
323949554,1.0230776062217148,"[0.08333333 0.06410256 0.05128205 0.05769231 0.09615385 0.08333333
 0.05128205 0.06410256 0.02564103 0.01923077 0.01282051 0.01923077
 0.05128205 0.03205128 0.01923077 0.         0.00641026 0.
 0.00641026 0.00641026 0.01923077 0.1025641  0.06410256 0.06410256]","[0.21794872 0.16666667 0.17307692 0.15384615 0.05769231 0.07051282
 0.16025641]","[0.61538462 0.21794872 0.08333333 0.03205128 0.02564103 0.01923077
 0.00641026]",3.1331226448978895,1.036716509917915,0.0
8786749,6.9428140197863355,"[0.14285714 0.02380952 0.00595238 0.00595238 0.00595238 0.00595238
 0.01190476 0.0297619  0.05357143 0.13095238 0.14285714 0.01190476
 0.         0.         0.         0.         0.         0.
 0.         0.         0.         0.         0.1547619  0.27380952]","[0.2202381  0.07142857 0.         0.07738095 0.20238095 0.19642857
 0.23214286]","[0.67857143 0.20833333 0.05952381 0.0297619  0.         0.01785714
 0.         0.00595238]",3.309145847636916,0.3087928879186503,0.55
5561907303,0.931564510842406,"[0.09352518 0.05755396 0.02158273 0.07194245 0.05755396 0.07913669
 0.10791367 0.02877698 0.02158273 0.02877698 0.04316547 0.04316547
 0.04316547 0.02158273 0.01438849 0.         0.         0.
 0.01438849 0.00719424 0.01438849 0.0647482  0.10071942 0.0647482 ]","[0.15107914 0.15107914 0.17266187 0.05755396 0.1294964  0.15827338
 0.17985612]","[0.62589928 0.1942446  0.07194245 0.07194245 0.00719424 0.01438849
 0.00719424 0.         0.00719424]",2.691864148391432,0.8257256488372597,0.0
10589166,0.9267941462107736,"[0.0754717  0.02830189 0.06603774 0.0754717  0.02830189 0.00943396
 0.04716981 0.05660377 0.12264151 0.04716981 0.05660377 0.01886792
 0.01886792 0.00943396 0.         0.01886792 0.00943396 0.01886792
 0.01886792 0.02830189 0.08490566 0.04716981 0.06603774 0.04716981]","[0.20754717 0.20754717 0.09433962 0.04716981 0.13207547 0.19811321
 0.11320755]","[0.50943396 0.20754717 0.11320755 0.09433962 0.01886792 0.01886792
 0.00943396 0.00943396 0.01886792]",2.370343902630025,1.1340152093566125,0.0
5657126860,1.6901308009104858,"[0.04316547 0.05035971 0.04316547 0.02158273 0.01438849 0.02158273
 0.0647482  0.         0.         0.         0.         0.
 0.         0.         0.11510791 0.1294964  0.05755396 0.05035971
 0.02158273 0.0647482  0.10791367 0.08633094 0.07913669 0.02877698]","[0.20143885 0.09352518 0.05755396 0.11510791 0.17985612 0.16546763
 0.18705036]",[0.61151079 0.24460432 0.10791367 0.03597122],4.9676735911697145,0.8802418957491182,0.0
1366797899,1.7381228273464413,"[0.08571429 0.         0.07142857 0.04285714 0.01428571 0.07142857
 0.2        0.05714286 0.04285714 0.01428571 0.12857143 0.12857143
 0.02857143 0.02857143 0.         0.         0.         0.
 0.         0.         0.01428571 0.01428571 0.02857143 0.02857143]","[0.2        0.14285714 0.17142857 0.11428571 0.08571429 0.12857143
 0.15714286]","[0.37142857 0.3        0.04285714 0.05714286 0.08571429 0.02857143
 0.01428571 0.01428571 0.02857143 0.01428571 0.02857143 0.
 0.         0.         0.01428571]",1.478441645119737,1.5934378314621602,0.0
1843524645,2.316343475362888,"[0.17021277 0.08510638 0.06382979 0.10638298 0.         0.06382979
 0.         0.         0.0212766  0.         0.         0.
 0.04255319 0.0212766  0.04255319 0.04255319 0.0212766  0.08510638
 0.06382979 0.08510638 0.0212766  0.04255319 0.0212766  0.        ]","[0.14893617 0.34042553 0.17021277 0.06382979 0.06382979 0.10638298
 0.10638298]","[0.36170213 0.23404255 0.04255319 0.04255319 0.0212766  0.08510638
 0.04255319 0.0212766  0.         0.06382979 0.0212766  0.
 0.         0.0212766  0.         0.         0.         0.
 0.         0.0212766  0.         0.         0.         0.
 0.         0.         0.         0.         0.         0.
 0.         0.         0.         0.         0.0212766 ]",1.2220477261363945,2.1039841487682724,0.0
940028943,2.9838278099017264,"[0.10144928 0.05797101 0.04347826 0.01449275 0.07246377 0.08695652
 0.07246377 0.05797101 0.02898551 0.01449275 0.07246377 0.01449275
 0.05797101 0.         0.         0.         0.         0.01449275
 0.         0.05797101 0.02898551 0.08695652 0.05797101 0.05797101]","[0.17391304 0.10144928 0.14492754 0.20289855 0.11594203 0.15942029
 0.10144928]","[0.4057971  0.23188406 0.10144928 0.07246377 0.05797101 0.01449275
 0.05797101 0.01449275 0.         0.02898551 0.         0.
 0.01449275]",8.201422560987114,1.068689766992457,0.0
428716184,1.3313609467455496,"[0.07647059 0.07647059 0.09411765 0.09411765 0.04705882 0.07058824
 0.05294118 0.02352941 0.02941176 0.01176471 0.         0.
 0.         0.         0.         0.00588235 0.01764706 0.06470588
 0.05294118 0.05882353 0.08235294 0.04117647 0.04705882 0.05294118]","[0.09411765 0.17058824 0.15294118 0.18823529 0.10588235 0.10588235
 0.18235294]",[0.86470588 0.12352941 0.00588235 0.00588235],3.3033186149695504,0.3588712321635066,0.0
1992063859,1.1621393237944002,"[0.01851852 0.03703704 0.03703704 0.         0.         0.
 0.         0.         0.         0.         0.03703704 0.05555556
 0.14814815 0.09259259 0.05555556 0.07407407 0.03703704 0.09259259
 0.07407407 0.07407407 0.05555556 0.05555556 0.         0.05555556]","[0.18518519 0.03703704 0.05555556 0.25925926 0.18518519 0.12962963
 0.14814815]","[0.5        0.22222222 0.05555556 0.01851852 0.01851852 0.01851852
 0.01851852 0.07407407 0.         0.         0.         0.
 0.         0.         0.         0.01851852 0.01851852 0.01851852
 0.         0.         0.         0.         0.         0.
 0.01851852]",1.065123354481083,1.3478348710401922,0.0
32432053,0.6742289645118724,"[0.03333333 0.03333333 0.03333333 0.03333333 0.05       0.01666667
 0.         0.         0.         0.         0.         0.03333333
 0.06666667 0.11666667 0.06666667 0.06666667 0.05       0.01666667
 0.05       0.16666667 0.05       0.06666667 0.03333333 0.01666667]","[0.08333333 0.13333333 0.15       0.13333333 0.18333333 0.11666667
 0.2       ]","[0.4        0.28333333 0.15       0.06666667 0.06666667 0.
 0.01666667 0.         0.         0.         0.         0.
 0.         0.         0.         0.         0.         0.
 0.         0.         0.         0.         0.         0.
 0.         0.         0.         0.         0.         0.
 0.         0.         0.         0.         0.         0.
 0.         0.         0.         0.         0.         0.
 0.01666667]",1.4998458739731029,1.8299490328307269,0.0
34343445,2.897736845060958,"[0.16455696 0.08860759 0.05063291 0.02531646 0.03797468 0.03797468
 0.11392405 0.         0.03797468 0.17721519 0.07594937 0.03797468
 0.02531646 0.         0.03797468 0.         0.         0.
 0.         0.         0.         0.         0.01265823 0.07594937]","[0.17721519 0.07594937 0.07594937 0.08860759 0.2278481  0.17721519
 0.17721519]","[0.5443038  0.21518987 0.10126582 0.06329114 0.02531646 0.02531646
 0.         0.         0.01265823 0.         0.         0.
 0.01265823]",4.7626528400559165,1.055874616887582,0.0
170506767,1.2648515051409497,"[0.05555556 0.11111111 0.18055556 0.01388889 0.01388889 0.02777778
 0.01388889 0.01388889 0.         0.         0.         0.
 0.         0.         0.         0.         0.         0.06944444
 0.05555556 0.05555556 0.15277778 0.08333333 0.08333333 0.06944444]","[0.08333333 0.06944444 0.125      0.16666667 0.19444444 0.16666667
 0.19444444]","[0.48611111 0.18055556 0.15277778 0.06944444 0.06944444 0.01388889
 0.02777778]",1.636766443581613,1.210097142476617,0.0
323309626,0.4339047128066237,"[0.08695652 0.06521739 0.15217391 0.04347826 0.02173913 0.06521739
 0.06521739 0.02173913 0.         0.         0.         0.
 0.         0.         0.         0.02173913 0.04347826 0.04347826
 0.08695652 0.04347826 0.08695652 0.         0.08695652 0.06521739]","[0.13043478 0.26086957 0.13043478 0.10869565 0.10869565 0.15217391
 0.10869565]","[0.34782609 0.19565217 0.15217391 0.06521739 0.08695652 0.04347826
 0.02173913 0.04347826 0.         0.         0.02173913 0.
 0.         0.02173913]",0.8840069439894436,2.337662242021292,0.0
459294324,1.0540348603964664,"[0.10204082 0.06122449 0.06122449 0.01020408 0.04081633 0.02040816
 0.01020408 0.         0.         0.         0.         0.
 0.03061224 0.08163265 0.05102041 0.06122449 0.07142857 0.03061224
 0.04081633 0.05102041 0.08163265 0.05102041 0.04081633 0.10204082]","[0.10204082 0.10204082 0.16326531 0.19387755 0.17346939 0.18367347
 0.08163265]",[0.66326531 0.2244898  0.09183673 0.01020408 0.01020408],2.8359469132694146,0.5680319040945403,0.0
955992174,1.087147998087411,"[0.09722222 0.06944444 0.05555556 0.04166667 0.11111111 0.02777778
 0.01388889 0.01388889 0.02777778 0.06944444 0.01388889 0.01388889
 0.         0.04166667 0.01388889 0.01388889 0.02777778 0.02777778
 0.05555556 0.05555556 0.08333333 0.04166667 0.05555556 0.02777778]","[0.19444444 0.20833333 0.11111111 0.11111111 0.11111111 0.11111111
 0.15277778]","[0.47222222 0.36111111 0.11111111 0.01388889 0.01388889 0.01388889
 0.01388889]",1.4806091831457893,1.402745305943303,0.0
5719413972,0.3825289961883376,"[0.10810811 0.         0.05405405 0.08108108 0.02702703 0.05405405
 0.21621622 0.05405405 0.02702703 0.05405405 0.02702703 0.
 0.         0.         0.         0.         0.         0.02702703
 0.02702703 0.         0.13513514 0.02702703 0.08108108 0.        ]","[0.18918919 0.08108108 0.         0.18918919 0.16216216 0.08108108
 0.2972973 ]","[0.21621622 0.32432432 0.13513514 0.18918919 0.05405405 0.
 0.02702703 0.02702703 0.         0.         0.         0.
 0.         0.         0.02702703]",0.7212630457699186,2.575402406550936,0.0
185880661,19.31959750837683,"[0.25490196 0.03921569 0.01960784 0.         0.01960784 0.01960784
 0.         0.         0.         0.         0.         0.
 0.01960784 0.11764706 0.01960784 0.         0.05882353 0.01960784
 0.03921569 0.         0.         0.03921569 0.07843137 0.25490196]","[0.19607843 0.07843137 0.19607843 0.11764706 0.05882353 0.07843137
 0.2745098 ]","[0.52941176 0.19607843 0.07843137 0.11764706 0.01960784 0.03921569
 0.01960784]",1.578211059941505,0.978572485712036,0.0
1134520908,0.3126985155895491,"[0.2   0.025 0.075 0.    0.05  0.    0.075 0.025 0.05  0.075 0.2   0.1
 0.075 0.    0.    0.025 0.    0.    0.    0.    0.    0.    0.025 0.   ]",[0.225 0.225 0.15  0.175 0.025 0.05  0.15 ],"[0.5   0.175 0.1   0.075 0.05  0.025 0.    0.    0.025 0.    0.025 0.
 0.025]",0.7767122705802023,1.3583896741390804,0.0
5357949,3.260565537633778,"[0.08823529 0.         0.         0.02941176 0.11764706 0.02941176
 0.         0.         0.         0.         0.         0.11764706
 0.05882353 0.08823529 0.         0.05882353 0.02941176 0.
 0.         0.         0.08823529 0.         0.14705882 0.14705882]","[0.05882353 0.14705882 0.17647059 0.14705882 0.11764706 0.14705882
 0.20588235]","[0.41176471 0.17647059 0.11764706 0.14705882 0.05882353 0.
 0.02941176 0.         0.         0.02941176 0.         0.
 0.         0.         0.         0.         0.02941176]",2.6839687841399,1.0815966025948665,0.0
